<?xml version="1.0" encoding="utf-8"?>
<edmx:Edmx Version="3.0" xmlns:edmx="http://schemas.microsoft.com/ado/2009/11/edmx">
 <!-- EF Designer content (DO NOT EDIT MANUALLY BELOW HERE) -->
  <edmx:Designer xmlns="http://schemas.microsoft.com/ado/2009/11/edmx">
    <!-- Diagram content (shape and connector positions) -->
    <edmx:Diagrams>
      <Diagram DiagramId="e54ebbecfbaf4d1dba3c5f7d235ae5fd" Name="Diagram1">
        <EntityTypeShape EntityType="FollowMe_Model.ActiveAntenna" Width="1.5" PointX="0.75" PointY="0.75" IsExpanded="true" />
        <EntityTypeShape EntityType="FollowMe_Model.ActiveOrder" Width="1.5" PointX="2.75" PointY="0.75" IsExpanded="true" />
        <EntityTypeShape EntityType="FollowMe_Model.Colors" Width="1.5" PointX="0.75" PointY="3.75" IsExpanded="true" />
        <EntityTypeShape EntityType="FollowMe_Model.ConnectionDetailsInStation" Width="1.5" PointX="2.75" PointY="3.75" IsExpanded="true" />
        <EntityTypeShape EntityType="FollowMe_Model.Order" Width="1.5" PointX="4.75" PointY="0.75" IsExpanded="true" />
        <EntityTypeShape EntityType="FollowMe_Model.OrderDetails" Width="1.5" PointX="4.75" PointY="3.75" IsExpanded="true" />
        <EntityTypeShape EntityType="FollowMe_Model.Owners" Width="1.5" PointX="6.75" PointY="0.75" IsExpanded="true" />
        <EntityTypeShape EntityType="FollowMe_Model.Process" Width="1.5" PointX="0.75" PointY="6.75" IsExpanded="true" />
        <EntityTypeShape EntityType="FollowMe_Model.ProcessDetails" Width="1.5" PointX="2.75" PointY="6.75" IsExpanded="true" />
        <EntityTypeShape EntityType="FollowMe_Model.Readers" Width="1.5" PointX="6.75" PointY="3.75" IsExpanded="true" />
        <EntityTypeShape EntityType="FollowMe_Model.Reading" Width="1.5" PointX="4.75" PointY="6.75" IsExpanded="true" />
        <EntityTypeShape EntityType="FollowMe_Model.Station" Width="1.5" PointX="6.75" PointY="6.75" IsExpanded="true" />
      </Diagram>
    </edmx:Diagrams>
  </edmx:Designer>
</edmx:Edmx>